STATE,NAME,District,EMP_2011,EMP_2001,MSW_2011,MSW_2001,BF_2011,BF_2001,MSL_2011,MSL_2001,FC_2011,FC_2001,CHH_2011,CHH_2001,F_EMP_2001,F_EMP_2011,EMP_change,MSW_change,BF_change,MSL_change,FC_change,CHH_change,F_EMP_change,Asset_2001,Asset_2011,Asset_Change
1,Kupwara,1,1,1,1,1,1,2,3,2,1,1,1,1,1,1,2,2,1,3,2,2,2,1,1,2
1,Badgam,2,1,1,3,3,1,2,3,3,1,2,2,1,2,1,2,2,1,2,1,3,1,1,2,3
1,Leh (Ladakh),3,3,3,1,1,2,2,3,3,3,3,2,1,3,1,2,2,2,2,2,3,1,1,2,3
1,Kargil,4,3,3,3,1,3,2,3,3,1,2,1,1,3,1,2,3,3,2,1,2,1,1,1,2
1,Punch,5,1,2,1,1,1,1,3,2,1,1,1,1,3,1,1,2,2,3,2,2,1,1,1,2
1,Rajauri,6,1,1,1,1,1,1,3,2,1,1,2,1,3,1,2,2,2,3,2,3,1,1,1,2
1,Kathua,7,1,1,3,3,1,1,3,3,1,1,3,2,2,1,2,2,2,2,2,3,1,1,2,3
1,Baramula,8,1,1,3,1,1,2,3,3,1,1,2,1,1,1,2,3,1,2,2,3,2,1,2,3
1,Srinagar,10,3,3,3,3,3,2,3,3,3,3,3,2,1,1,2,2,3,2,2,3,2,2,3,3
1,Pulwama,12,1,1,3,3,3,2,3,3,1,2,2,1,1,1,2,2,3,2,1,3,2,1,2,3
1,Anantnag,14,1,1,3,1,1,2,3,3,1,1,2,1,1,1,2,3,1,2,2,3,2,1,2,3
1,Doda,16,1,2,3,3,1,1,3,2,1,1,2,1,3,1,1,2,2,3,2,3,1,1,1,2
1,Udhampur,19,1,2,1,1,1,1,3,2,1,1,2,2,3,1,1,2,2,3,2,2,1,1,2,3
1,Jammu,21,3,3,3,3,3,2,3,3,3,3,3,2,1,1,2,2,3,2,2,3,2,2,3,3
2,Chamba,23,2,2,3,3,3,1,3,3,1,1,3,2,3,1,2,2,3,2,2,3,1,1,2,3
2,Kangra,24,3,1,3,3,3,1,3,3,1,1,3,3,3,1,3,2,3,2,2,2,1,2,3,3
2,Lahul & Spiti,25,2,2,3,3,3,2,3,3,1,1,3,2,3,1,2,2,3,2,2,3,1,1,3,3
2,Kullu,26,2,2,3,3,3,1,3,3,1,1,3,3,3,1,2,2,3,2,2,2,1,1,2,3
2,Mandi,27,2,2,3,3,3,1,3,3,1,1,3,3,3,1,2,2,3,2,2,2,1,2,3,3
2,Hamirpur,28,2,2,3,3,3,1,3,3,1,1,3,3,2,1,2,2,3,2,2,2,1,2,3,3
2,Una,29,3,1,3,3,3,1,3,3,1,1,3,2,3,1,3,2,3,2,2,3,1,2,3,3
2,Bilaspur,30,2,2,3,3,3,1,3,3,1,1,3,3,3,1,2,2,3,2,2,2,1,2,3,3
2,Solan,31,2,2,3,3,3,1,3,3,3,1,3,2,3,1,2,2,3,2,3,3,1,2,3,3
2,Sirmaur,32,2,2,3,3,3,1,3,3,1,1,3,2,3,1,2,2,3,2,2,3,1,1,2,3
2,Shimla,33,2,2,3,3,3,1,3,3,3,3,3,3,3,1,2,2,3,2,2,2,1,2,3,3
2,Kinnaur,34,2,2,3,3,3,1,3,3,3,3,3,2,3,1,2,2,3,2,2,3,1,2,2,2
3,Gurdaspur,35,3,3,2,2,3,1,3,3,3,3,2,2,1,1,2,2,3,2,2,2,2,3,3,2
3,Kapurthala,36,3,3,3,2,3,2,3,3,3,3,2,3,1,1,2,3,3,2,2,1,2,3,3,2
3,Jalandhar,37,3,3,3,2,3,2,3,3,3,3,2,2,1,1,2,3,3,2,2,2,2,3,3,2
3,Hoshiarpur,38,3,3,3,2,3,1,3,3,3,3,2,3,1,1,2,3,3,2,2,1,2,3,3,2
3,Nawanshahr ,39,3,3,2,2,3,1,3,3,3,2,2,3,2,1,2,2,3,2,3,1,1,3,3,2
3,Fatehgarh Sahib,40,3,3,2,2,3,2,3,3,3,2,2,2,1,1,2,2,3,2,3,2,2,3,3,2
3,Ludhiana,41,3,3,3,2,3,2,3,3,3,3,2,2,1,1,2,3,3,2,2,2,2,3,3,2
3,Moga,42,1,1,2,2,2,2,3,3,3,2,2,2,2,1,2,2,2,2,3,2,1,2,3,3
3,Firozpur,43,1,1,2,2,2,2,3,3,3,2,2,2,1,1,2,2,2,2,3,2,2,2,3,3
3,Muktsar,44,1,1,3,2,2,2,3,3,3,2,1,2,2,1,2,3,2,2,3,1,1,2,3,3
3,Faridkot,45,1,1,2,2,2,2,3,3,3,3,2,2,1,1,2,2,2,2,2,2,2,2,3,3
3,Bathinda,46,1,1,3,2,2,2,3,3,3,3,2,2,2,1,2,3,2,2,2,2,1,2,3,3
3,Mansa,47,1,1,2,2,2,2,3,3,2,2,2,2,2,1,2,2,2,2,2,2,1,2,3,3
3,Patiala,48,3,3,3,2,3,2,3,3,3,3,2,2,1,1,2,3,3,2,2,2,2,3,3,2
3,Amritsar,49,3,3,2,2,3,2,3,3,3,2,2,2,1,1,2,2,3,2,3,2,2,3,3,2
3,Rupnagar,51,3,3,3,3,3,2,3,3,3,3,3,3,2,1,2,2,3,2,2,2,1,3,3,2
3,Sangrur,53,1,1,2,2,2,2,3,3,3,2,2,2,2,1,2,2,2,2,3,2,1,2,3,3
4,Chandigarh,55,3,3,3,3,3,3,3,3,3,3,3,3,1,1,2,2,2,2,2,2,2,3,3,2
5,Uttarkashi,56,2,2,3,3,1,1,3,2,1,1,3,3,3,1,2,2,2,3,2,2,1,1,2,3
5,Chamoli,57,2,1,3,3,2,1,3,2,1,1,3,3,3,1,3,2,3,3,2,2,1,1,2,3
5,Rudraprayag,58,2,2,3,3,2,1,3,2,1,1,3,3,3,1,2,2,3,3,2,2,1,1,2,3
5,Tehri Garhwal,59,2,2,3,3,3,1,3,2,1,1,3,3,3,1,2,2,3,3,2,2,1,1,2,3
5,Dehradun,60,3,3,3,3,3,2,3,3,3,3,3,3,1,1,2,2,3,2,2,2,2,3,3,2
5,Garhwal,61,1,1,3,3,3,1,3,2,1,1,3,3,3,1,2,2,3,3,2,2,1,1,2,3
5,Pithoragarh,62,2,1,3,3,2,1,3,2,1,1,3,3,3,1,3,2,3,3,2,2,1,1,2,3
5,Bageshwar,63,2,2,3,3,2,1,3,2,1,1,3,3,3,1,2,2,3,3,2,2,1,1,2,3
5,Almora,64,2,2,3,3,3,1,3,2,1,1,3,3,3,1,2,2,3,3,2,2,1,1,2,3
5,Champawat,65,1,1,3,3,1,1,3,2,1,1,2,3,3,1,2,2,2,3,2,1,1,1,2,3
5,Nainital,66,1,1,3,3,3,2,3,2,3,3,3,3,2,1,2,2,3,3,2,2,1,2,3,3
5,Udham Singh Nagar,67,1,1,2,2,3,2,3,2,1,1,2,2,1,1,2,2,3,3,2,2,2,2,3,3
5,Hardwar,68,3,1,2,2,3,2,3,2,3,2,2,2,1,1,3,2,3,3,3,2,2,2,3,3
6,Panchkula,69,3,3,3,3,3,2,3,3,3,3,3,2,1,1,2,2,3,2,2,3,2,3,3,2
6,Ambala,70,3,3,3,3,3,2,3,3,3,3,2,2,1,1,2,2,3,2,2,2,2,3,3,2
6,Yamunanagar,71,3,3,3,2,3,2,3,3,3,3,2,2,1,1,2,3,3,2,2,2,2,2,3,3
6,Kurukshetra,72,1,1,3,3,3,2,3,3,3,3,2,2,1,1,2,2,3,2,2,2,2,3,3,2
6,Kaithal,73,1,1,3,2,2,1,3,3,2,2,2,2,2,1,2,3,3,2,2,2,1,2,3,3
6,Karnal,74,1,1,3,2,3,2,3,3,3,3,2,2,1,1,2,3,3,2,2,2,2,2,3,3
6,Panipat,75,3,3,3,2,3,2,3,3,3,3,2,1,2,1,2,3,3,2,2,3,1,2,3,3
6,Sonipat,76,1,1,3,2,3,1,3,3,3,3,2,2,2,1,2,3,3,2,2,2,1,2,3,3
6,Jind,77,1,2,3,2,2,1,3,3,2,2,2,2,2,1,1,3,3,2,2,2,1,2,3,3
6,Fatehabad,78,1,2,3,2,2,2,3,3,2,2,2,2,2,1,1,3,2,2,2,2,1,1,3,3
6,Sirsa,79,1,2,3,3,2,2,3,3,2,2,2,2,2,1,1,2,2,2,2,2,1,2,3,3
6,Hisar,80,1,2,3,3,2,2,3,3,2,2,2,2,2,1,1,2,2,2,2,2,1,2,3,3
6,Bhiwani,81,1,1,3,3,2,1,3,3,2,2,2,2,3,1,2,2,3,2,2,2,1,1,2,3
6,Rohtak,82,3,1,3,1,3,2,3,3,3,3,2,2,2,1,3,3,3,2,2,2,1,2,3,3
6,Jhajjar,83,1,1,3,2,3,1,3,3,3,2,2,1,2,1,2,3,3,2,3,3,1,2,3,3
6,Mahendragarh,84,1,1,3,3,1,1,3,3,2,2,2,2,3,1,2,2,2,2,2,2,1,1,2,3
6,Rewari,85,3,1,3,3,3,1,3,3,2,2,2,2,3,1,3,2,3,2,2,2,1,2,3,3
6,Gurgaon,86,3,3,3,3,3,1,3,2,3,3,2,2,2,1,2,2,3,3,2,2,1,2,3,3
6,Faridabad,88,3,3,3,3,3,2,3,3,3,3,2,2,1,1,2,2,3,2,2,2,2,2,3,3
7,North West ,90,3,3,3,3,3,2,3,3,3,3,3,2,1,1,2,2,3,2,2,3,2,3,3,2
7,North,91,3,3,3,3,3,3,3,3,3,3,2,2,1,1,2,2,2,2,2,2,2,3,3,2
7,North East,92,3,3,3,3,3,2,3,3,3,3,3,2,1,1,2,2,3,2,2,3,2,3,3,2
7,East,93,3,3,3,3,3,3,3,3,3,3,3,3,1,1,2,2,2,2,2,2,2,3,3,2
7,New Delhi,94,3,3,3,3,3,3,3,3,3,3,3,2,1,1,2,2,2,2,2,3,2,3,3,2
7,Central,95,3,3,3,3,3,3,3,3,3,3,2,2,1,1,2,2,2,2,2,2,2,3,3,2
7,West,96,3,3,3,3,3,3,3,3,3,3,3,2,1,1,2,2,2,2,2,3,2,3,3,2
7,South West,97,3,3,3,3,3,3,3,3,3,3,3,3,1,1,2,2,2,2,2,2,2,3,3,2
7,South,98,3,3,3,3,3,3,3,3,3,3,3,2,1,1,2,2,2,2,2,3,2,3,3,2
8,Ganganagar,99,2,1,3,3,2,2,3,2,2,2,2,2,2,1,3,2,2,3,2,2,1,2,2,2
8,Hanumangarh,100,2,2,3,3,2,2,3,2,2,1,3,2,2,1,2,2,2,3,3,3,1,1,2,3
8,Bikaner,101,2,1,3,3,1,1,2,2,1,2,2,2,2,1,3,2,2,2,1,2,1,1,2,3
8,Churu,102,2,2,3,3,3,1,2,2,1,1,2,2,3,1,2,2,3,2,2,2,1,1,2,3
8,Jhunjhunun,103,1,1,3,3,3,1,3,2,1,1,3,3,2,1,2,2,3,3,2,2,1,1,2,3
8,Alwar,104,2,2,2,2,1,1,3,2,2,2,2,2,3,1,2,2,2,3,2,2,1,1,2,3
8,Bharatpur,105,2,2,2,1,1,1,2,2,2,2,2,1,2,1,2,3,2,2,2,3,1,1,2,3
8,Dhaulpur,106,2,2,2,1,1,1,2,1,2,2,1,1,3,1,2,3,2,3,2,2,1,1,1,2
8,Karauli,107,2,2,2,1,1,1,2,1,2,2,1,1,3,1,2,3,2,3,2,2,1,1,1,2
8,Sawai Madhopur,108,2,2,2,1,1,1,2,2,2,2,2,2,3,1,2,3,2,2,2,2,1,1,2,3
8,Dausa,109,2,2,2,1,1,1,2,2,1,1,2,2,3,1,2,3,2,2,2,2,1,1,2,3
8,Jaipur,110,3,3,3,3,3,2,3,3,3,3,3,2,2,1,2,2,3,2,2,3,1,2,3,3
8,Sikar,111,1,1,3,3,1,1,3,2,1,1,3,2,2,1,2,2,2,3,2,3,1,1,2,3
8,Nagaur,112,2,2,1,1,1,1,2,2,1,1,2,2,3,1,2,2,2,2,2,2,1,1,2,3
8,Jodhpur,113,1,1,1,3,1,1,2,2,1,1,2,2,2,1,2,1,2,2,2,2,1,1,2,3
8,Jaisalmer,114,2,2,1,1,1,1,2,1,1,1,1,1,2,1,2,2,2,3,2,2,1,1,1,2
8,Barmer,115,2,2,1,1,1,1,1,1,1,1,1,1,3,1,2,2,2,2,2,2,1,1,1,2
8,Jalor,116,2,2,1,1,1,1,2,1,1,1,1,1,3,1,2,2,2,3,2,2,1,1,1,2
8,Sirohi,117,1,1,2,2,1,1,2,2,1,1,2,2,2,1,2,2,2,2,2,2,1,1,2,3
8,Pali,118,1,1,1,1,1,1,3,2,1,1,2,2,2,1,2,2,2,3,2,2,1,1,2,3
8,Ajmer,119,3,1,3,3,1,1,3,2,1,1,2,2,2,1,3,2,2,3,2,2,1,1,2,3
8,Tonk,120,2,2,2,1,1,1,2,2,1,1,2,2,3,1,2,3,2,2,2,2,1,1,2,3
8,Bundi,121,2,2,2,2,1,1,2,2,1,1,2,1,3,1,2,2,2,2,2,3,1,1,2,3
8,Bhilwara,122,2,2,2,2,1,1,3,2,1,1,2,2,3,1,2,2,2,3,2,2,1,1,2,3
8,Rajsamand,123,2,1,2,2,1,1,3,2,1,1,2,1,2,1,3,2,2,3,2,3,1,1,2,3
8,Dungarpur,124,1,2,2,2,1,1,2,1,1,1,1,1,3,1,1,2,2,3,2,2,1,1,1,2
8,Banswara,125,2,2,2,2,1,1,1,1,1,1,1,1,3,1,2,2,2,2,2,2,1,1,1,2
8,Chittaurgarh,126,2,2,2,2,1,1,3,2,1,1,2,1,3,1,2,2,2,3,2,3,1,1,2,3
8,Kota,127,3,3,3,3,3,1,3,3,3,2,3,2,1,1,2,2,3,2,3,3,2,2,3,3
8,Baran,128,2,2,2,2,1,1,2,2,1,2,2,2,3,1,2,2,2,2,1,2,1,1,2,3
8,Jhalawar,129,2,2,2,2,1,1,3,2,1,1,1,2,3,1,2,2,2,3,2,1,1,1,2,3
8,Udaipur,130,1,1,2,2,1,1,2,2,1,1,2,1,2,1,2,2,2,2,2,3,1,1,1,2
9,Saharanpur,132,1,1,2,2,3,2,2,2,2,2,2,2,1,1,2,2,3,2,2,2,2,1,2,3
9,Muzaffarnagar,133,1,1,2,2,3,2,2,2,2,2,2,2,1,1,2,2,3,2,2,2,2,1,2,3
9,Bijnor,134,1,1,2,2,3,2,2,2,1,2,2,2,1,1,2,2,3,2,1,2,2,1,2,3
9,Moradabad,135,1,1,2,2,3,2,1,1,2,2,1,1,1,1,2,2,3,2,2,2,2,1,2,3
9,Rampur,136,1,1,2,2,3,2,1,1,2,2,1,1,1,1,2,2,3,2,2,2,2,1,2,3
9,Jyotiba Phule Nagar,137,1,1,2,2,1,2,1,1,2,2,1,1,1,1,2,2,1,2,2,2,2,1,2,3
9,Meerut,138,3,3,2,2,3,2,3,2,3,2,2,2,1,1,2,2,3,3,3,2,2,2,3,3
9,Baghpat,139,1,1,2,2,3,2,2,2,2,2,2,2,1,1,2,2,3,2,2,2,2,1,2,3
9,Ghaziabad,140,3,3,2,2,3,2,3,2,3,3,2,2,1,1,2,2,3,3,2,2,2,2,3,3
9,Gautam Buddha Nagar,141,3,3,3,2,3,2,3,2,3,3,3,2,1,1,2,3,3,3,2,3,2,2,3,3
9,Bulandshahar ,142,1,1,2,2,1,1,1,1,2,2,1,2,2,1,2,2,2,2,2,1,1,1,2,3
9,Aligarh,143,1,1,2,2,1,1,2,1,2,2,2,1,1,1,2,2,2,3,2,3,2,1,2,3
9,Hathras ,144,1,1,2,2,1,1,2,1,2,2,1,1,1,1,2,2,2,3,2,2,2,1,2,3
9,Mathura,145,1,1,2,2,1,1,2,2,2,2,2,2,2,1,2,2,2,2,2,2,1,1,2,3
9,Agra,146,1,1,2,2,1,1,3,2,3,2,2,2,1,1,2,2,2,3,3,2,2,2,3,3
9,Firozabad,147,1,1,2,2,1,1,2,1,2,2,1,1,1,1,2,2,2,3,2,2,2,1,2,3
9,Mainpuri,148,1,1,2,2,1,1,1,1,2,2,1,2,1,1,2,2,2,2,2,1,2,1,2,3
9,Budaun,149,1,1,2,2,1,1,1,1,2,2,1,1,1,1,2,2,2,2,2,2,2,1,1,2
9,Bareilly,150,1,1,2,2,3,2,1,1,2,2,1,1,1,1,2,2,3,2,2,2,2,1,2,3
9,Pilibhit,151,1,1,2,2,1,1,1,1,1,2,1,1,1,1,2,2,2,2,1,2,2,1,2,3
9,Shahjahanpur,152,1,1,2,2,1,1,1,1,2,2,1,1,1,1,2,2,2,2,2,2,2,1,1,2
9,Kheri,153,1,1,2,2,1,1,1,1,1,1,1,1,1,1,2,2,2,2,2,2,2,1,1,2
9,Sitapur,154,1,1,2,2,1,1,1,1,1,2,1,1,1,1,2,2,2,2,1,2,2,1,1,2
9,Hardoi,155,1,1,2,2,1,1,1,1,2,2,1,1,1,1,2,2,2,2,2,2,2,1,1,2
9,Unnao,156,1,1,2,2,1,1,1,1,1,1,1,1,1,1,2,2,2,2,2,2,2,1,1,2
9,Lucknow,157,3,3,3,3,3,2,2,2,3,3,2,2,1,1,2,2,3,2,2,2,2,2,3,3
9,Rae Bareli,158,1,1,2,2,1,1,1,1,1,1,1,1,2,1,2,2,2,2,2,2,1,1,1,2
9,Farrukhabad,159,1,1,2,2,1,1,1,1,2,2,1,1,1,1,2,2,2,2,2,2,2,1,2,3
9,Kannauj,160,1,1,2,2,1,1,1,1,2,2,1,1,1,1,2,2,2,2,2,2,2,1,1,2
9,Etawah,161,1,1,2,2,1,1,2,1,1,1,1,1,1,1,2,2,2,3,2,2,2,1,2,3
9,Auraiya,162,1,1,2,2,1,1,1,1,1,2,1,1,1,1,2,2,2,2,1,2,2,1,1,2
9,Kanpur Dehat,163,1,1,2,2,1,1,1,1,2,2,1,1,1,1,2,2,2,2,2,2,2,1,1,2
9,Kanpur Nagar,164,3,3,2,2,3,2,2,2,3,3,2,2,1,1,2,2,3,2,2,2,2,2,2,2
9,Jalaun ,165,1,1,2,2,1,1,1,1,2,2,1,2,1,1,2,2,2,2,2,1,2,1,2,3
9,Jhansi,166,1,1,2,2,1,1,2,2,2,2,2,2,2,1,2,2,2,2,2,2,1,1,2,3
9,Lalitpur,167,2,2,2,1,1,1,1,1,1,1,2,2,3,1,2,3,2,2,2,2,1,1,1,2
9,Hamirpur,168,1,1,2,2,1,1,1,1,2,2,2,2,3,1,2,2,2,2,2,2,1,1,1,2
9,Mahoba,169,1,2,2,1,1,1,1,1,2,2,2,2,2,1,1,3,2,2,2,2,1,1,2,3
9,Banda,170,1,2,2,2,1,1,1,1,1,2,2,2,2,1,1,2,2,2,1,2,1,1,1,2
9,Chitrakoot,171,2,2,2,2,1,1,1,1,1,1,2,2,3,1,2,2,2,2,2,2,1,1,1,2
9,Fatehpur,172,1,1,2,2,1,1,1,1,1,1,1,2,2,1,2,2,2,2,2,1,1,1,1,2
9,Pratapgarh,173,1,1,2,2,1,1,1,1,1,1,2,2,2,1,2,2,2,2,2,2,1,1,2,3
9,Kaushambi,174,1,2,2,2,1,1,1,1,1,2,1,2,2,1,1,2,2,2,1,1,1,1,1,2
9,Allahabad ,175,1,1,2,1,1,1,2,2,2,2,2,2,2,1,2,3,2,2,2,2,1,1,2,3
9,Barabanki,176,1,1,2,2,1,1,1,1,1,1,1,1,1,1,2,2,2,2,2,2,2,1,1,2
9,Faizabad,177,1,1,2,2,1,1,1,1,1,2,2,2,2,1,2,2,2,2,1,2,1,1,2,3
9,Ambedkar Nagar,178,1,1,2,2,1,1,1,1,2,2,2,2,2,1,2,2,2,2,2,2,1,1,1,2
9,Sultanpur,179,1,1,2,2,1,1,1,1,1,1,2,2,1,1,2,2,2,2,2,2,2,1,2,3
9,Bahraich,180,1,1,2,2,1,1,1,1,1,1,1,1,1,1,2,2,2,2,2,2,2,1,1,2
9,Shrawasti,181,1,2,2,2,1,1,1,1,1,1,1,1,2,1,1,2,2,2,2,2,1,1,1,2
9,Balrampur,182,1,2,2,2,1,1,1,1,1,2,1,2,2,1,1,2,2,2,1,1,1,1,1,2
9,Gonda,183,1,1,2,2,1,1,1,1,1,1,1,2,1,1,2,2,2,2,2,1,2,1,1,2
9,Siddharthnagar,184,1,2,2,2,1,1,1,1,2,2,2,2,2,1,1,2,2,2,2,2,1,1,1,2
9,Basti,185,1,1,2,2,1,1,1,1,1,2,2,2,2,1,2,2,2,2,1,2,1,1,2,3
9,Sant Kabir Nagar,186,1,1,2,2,1,1,1,1,2,2,2,2,2,1,2,2,2,2,2,2,1,1,2,3
9,Mahrajganj,187,1,1,2,2,1,1,1,1,1,1,1,2,2,1,2,2,2,2,2,1,1,1,1,2
9,Gorakhpur,188,1,1,2,2,1,1,2,1,1,1,2,2,1,1,2,2,2,3,2,2,2,1,2,3
9,Kushinagar,189,1,1,2,2,1,1,1,1,2,2,1,2,2,1,2,2,2,2,2,1,1,1,1,2
9,Deoria,190,1,1,2,2,1,1,1,1,1,2,2,2,1,1,2,2,2,2,1,2,2,1,2,3
9,Azamgarh,191,1,1,2,2,1,1,1,1,2,2,2,2,2,1,2,2,2,2,2,2,1,1,2,3
9,Mau,192,1,1,2,2,1,1,2,1,2,2,2,2,2,1,2,2,2,3,2,2,1,1,2,3
9,Ballia,193,1,1,2,2,1,1,1,1,2,2,2,2,1,1,2,2,2,2,2,2,2,1,2,3
9,Jaunpur,194,1,1,2,2,1,1,1,1,2,2,2,2,2,1,2,2,2,2,2,2,1,1,2,3
9,Ghazipur,195,1,1,2,2,1,1,1,1,2,2,1,2,2,1,2,2,2,2,2,1,1,1,2,3
9,Chandauli,196,1,1,2,2,1,1,1,1,2,2,2,2,1,1,2,2,2,2,2,2,2,1,2,3
9,Varanasi,197,3,3,2,2,3,2,2,2,3,2,2,2,1,2,2,2,3,2,3,2,3,2,2,2
9,Sant Ravidas Nagar Bhadohi,198,1,1,2,2,1,1,1,2,2,2,2,2,1,1,2,2,2,1,2,2,2,1,2,3
9,Mirzapur,199,1,1,2,2,1,1,1,1,2,2,2,2,2,1,2,2,2,2,2,2,1,1,2,3
9,Sonbhadra,200,1,1,2,2,1,1,1,1,1,2,2,2,2,1,2,2,2,2,1,2,1,1,1,2
9,Etah,201,1,1,2,2,1,1,1,1,2,2,1,1,1,1,2,2,2,2,2,2,2,1,2,3
10,Pashchim Champaran,203,1,2,2,2,1,1,1,1,2,2,1,1,2,1,1,2,2,2,2,2,1,1,1,2
10,Purba Champaran,204,1,1,2,2,1,1,1,1,2,2,1,1,1,1,2,2,2,2,2,2,2,1,1,2
10,Sheohar,205,1,1,2,2,1,1,1,1,2,2,1,1,1,1,2,2,2,2,2,2,2,1,1,2
10,Sitamarhi,206,1,1,2,2,1,1,1,1,2,2,1,1,1,1,2,2,2,2,2,2,2,1,1,2
10,Madhubani,207,1,1,2,2,1,1,1,1,2,2,2,2,2,1,2,2,2,2,2,2,1,1,1,2
10,Supaul,208,1,2,2,2,1,1,1,1,2,2,1,1,3,1,1,2,2,2,2,2,1,1,1,2
10,Araria,209,2,2,2,2,1,1,1,1,2,2,1,1,2,1,2,2,2,2,2,2,1,1,1,2
10,Kishanganj,210,1,1,2,2,1,1,1,1,2,2,1,1,1,1,2,2,2,2,2,2,2,1,1,2
10,Purnia,211,1,2,2,2,1,1,1,1,2,2,1,1,2,2,1,2,2,2,2,2,2,1,1,2
10,Katihar,212,1,2,2,2,1,1,1,1,2,2,1,1,2,1,1,2,2,2,2,2,1,1,1,2
10,Madhepura,213,2,2,2,2,1,1,1,1,2,2,1,1,3,1,2,2,2,2,2,2,1,1,1,2
10,Saharsa,214,1,2,2,2,1,1,1,1,2,2,1,1,2,1,1,2,2,2,2,2,1,1,1,2
10,Darbhanga,215,1,1,2,2,1,1,1,1,2,2,1,1,1,1,2,2,2,2,2,2,2,1,1,2
10,Muzaffarpur,216,1,1,2,2,1,1,1,1,2,2,1,1,1,1,2,2,2,2,2,2,2,1,1,2
10,Gopalganj,217,1,1,2,2,1,1,1,1,2,2,1,1,1,1,2,2,2,2,2,2,2,1,1,2
10,Siwan,218,1,1,2,2,1,1,1,1,2,2,2,2,1,1,2,2,2,2,2,2,2,1,1,2
10,Saran,219,1,1,2,2,1,1,1,1,2,2,1,2,1,2,2,2,2,2,2,1,3,1,1,2
10,Vaishali,220,1,1,2,2,1,1,1,1,2,2,1,1,1,2,2,2,2,2,2,2,3,1,1,2
10,Samastipur,221,1,1,2,2,1,1,1,1,2,2,1,1,1,2,2,2,2,2,2,2,3,1,1,2
10,Begusarai,222,1,1,2,2,1,1,1,1,2,2,1,1,1,2,2,2,2,2,2,2,3,1,1,2
10,Khagaria,223,1,1,2,2,1,1,1,1,2,2,1,1,2,2,2,2,2,2,2,2,2,1,1,2
10,Bhagalpur,224,1,1,2,2,1,1,1,1,2,2,1,1,2,2,2,2,2,2,2,2,2,1,1,2
10,Banka,225,1,2,2,1,1,1,1,1,2,2,1,1,2,2,1,3,2,2,2,2,2,1,1,2
10,Munger,226,1,1,2,1,1,1,1,1,2,2,1,1,1,2,2,3,2,2,2,2,3,1,1,2
10,Lakhisarai,227,1,1,2,2,1,1,1,1,2,2,1,1,2,2,2,2,2,2,2,2,2,1,1,2
10,Sheikhpura,228,1,2,2,2,1,1,1,1,2,2,1,1,2,2,1,2,2,2,2,2,2,1,1,2
10,Nalanda,229,1,2,2,2,1,1,1,1,2,2,1,1,2,2,1,2,2,2,2,2,2,1,1,2
10,Patna,230,1,1,2,2,3,2,2,2,2,2,2,2,1,2,2,2,3,2,2,2,3,1,2,3
10,Bhojpur,231,1,1,2,2,1,1,1,1,2,2,1,1,1,2,2,2,2,2,2,2,3,1,1,2
10,Buxar,232,1,1,2,2,1,1,1,1,2,2,1,1,1,2,2,2,2,2,2,2,3,1,1,2
10,Kaimur (Bhabua),233,1,1,2,2,1,1,1,1,2,2,1,1,2,2,2,2,2,2,2,2,2,1,1,2
10,Rohtas,234,1,1,2,2,1,1,1,1,2,2,1,1,1,2,2,2,2,2,2,2,3,1,2,3
10,Aurangabad,235,1,1,2,2,1,1,1,1,2,2,1,1,2,2,2,2,2,2,2,2,2,1,1,2
10,Gaya,236,1,2,2,2,1,1,1,1,2,2,1,1,2,2,1,2,2,2,2,2,2,1,1,2
10,Nawada,237,1,2,2,2,1,1,1,1,2,2,1,1,2,2,1,2,2,2,2,2,2,1,1,2
10,Jamui,238,1,2,2,1,1,1,1,1,2,2,1,1,3,2,1,3,2,2,2,2,1,1,1,2
10,Jehanabad ,239,1,2,2,2,1,1,1,1,2,2,1,1,2,2,1,2,2,2,2,2,2,1,1,2
11,North ,241,3,2,3,1,3,2,3,2,1,1,2,2,3,2,3,3,3,3,2,2,1,1,2,3
11,West,242,2,2,3,3,3,2,3,3,1,1,1,1,2,2,2,2,3,2,2,2,2,1,2,3
11,South,243,2,2,3,3,3,2,3,2,1,1,2,2,3,2,2,2,3,3,2,2,1,1,2,3
11,East,244,3,3,3,3,3,3,3,3,3,3,3,2,2,2,2,2,2,2,2,3,2,2,2,2
12,Tawang,245,3,2,3,3,3,2,3,2,1,1,2,2,3,2,3,2,3,3,2,2,1,1,1,2
12,West Kameng,246,3,3,3,3,3,2,3,3,1,1,2,1,2,2,2,2,3,2,2,3,2,1,2,3
12,East Kameng,247,2,2,3,3,1,1,2,2,1,1,1,1,3,2,2,2,2,2,2,2,1,1,1,2
12,Papum Pare,248,3,3,3,3,3,2,3,3,3,3,2,2,2,2,2,2,3,2,2,2,2,2,3,3
12,Upper Subansiri,249,2,2,3,3,1,2,2,2,1,1,1,1,3,2,2,2,1,2,2,2,1,1,1,2
12,West Siang,250,2,2,3,3,3,2,3,2,1,1,2,2,3,2,2,2,3,3,2,2,1,1,2,3
12,East Siang,251,1,1,3,3,3,2,3,2,1,1,2,2,2,2,2,2,3,3,2,2,2,1,2,3
12,Upper Siang,252,2,2,3,3,1,1,3,2,1,1,3,1,3,2,2,2,2,3,2,3,1,1,1,2
12,Changlang,253,2,2,3,1,2,2,2,2,1,1,2,1,3,2,2,3,2,2,2,3,1,1,1,2
12,Tirap,254,2,2,3,3,2,2,3,2,1,1,2,2,3,2,2,2,2,3,2,2,1,1,1,2
12,Lower Subansiri,255,1,2,3,3,1,2,2,3,1,1,2,2,3,2,1,2,1,1,2,2,1,1,1,2
12,Dibang Valley,257,2,2,3,3,2,2,2,2,1,1,2,2,2,2,2,2,2,2,2,2,2,1,2,3
12,Lohit,259,2,2,2,3,2,2,2,1,1,1,1,1,2,2,2,1,2,3,2,2,2,1,1,2
13,Mon,261,2,2,1,1,2,2,1,1,1,1,1,1,3,2,2,2,2,2,2,2,1,1,1,2
13,Mokokchung,262,2,2,1,1,2,2,3,3,1,1,3,2,3,2,2,2,2,2,2,3,1,1,2,3
13,Zunheboto,263,2,1,3,1,2,2,3,2,1,1,2,1,3,2,3,3,2,3,2,3,1,1,1,2
13,Wokha,264,2,1,1,1,2,2,3,2,1,1,2,1,2,2,3,2,2,3,2,3,2,1,1,2
13,Dimapur,265,3,3,1,1,3,2,3,3,3,1,2,2,1,2,2,2,3,2,3,2,3,1,2,3
13,Phek,266,2,2,3,3,2,2,3,3,1,1,2,2,3,2,2,2,2,2,2,2,1,1,1,2
13,Tuensang,267,2,2,3,3,2,2,2,2,1,1,1,1,3,2,2,2,2,2,2,2,1,1,1,2
13,Kohima,270,2,2,1,1,3,2,3,3,1,1,2,2,3,2,2,2,3,2,2,2,1,1,2,3
14,Senapati (Excluding 3 Sub-Divisions),272,2,2,1,1,2,2,3,2,1,1,1,1,3,2,2,2,2,3,2,2,1,1,1,2
14,Tamenglong,273,2,2,1,1,2,2,2,1,1,1,1,1,3,2,2,2,2,3,2,2,1,1,1,2
14,Churachandpur,274,2,2,1,1,2,2,2,2,1,1,2,1,3,2,2,2,2,2,2,3,1,1,1,2
14,Bishnupur,275,3,1,1,1,2,2,3,2,1,1,3,2,3,2,3,2,2,3,2,3,1,1,2,3
14,Thoubal,276,2,2,1,1,2,2,2,2,1,1,3,2,3,2,2,2,2,2,2,3,1,1,2,3
14,Imphal West,277,3,3,1,3,3,2,3,3,3,3,3,3,2,2,2,1,3,2,2,2,2,2,3,3
14,Imphal East,278,3,3,1,1,3,2,3,3,3,1,3,2,2,2,2,2,3,2,3,3,2,1,3,3
14,Ukhrul,279,2,2,1,1,2,2,2,2,1,1,1,1,3,2,2,2,2,2,2,2,1,1,1,2
14,Chandel,280,2,2,1,1,2,2,2,2,1,1,1,1,3,2,2,2,2,2,2,2,1,1,1,2
15,Mamit,281,2,2,1,1,2,2,2,2,1,1,2,1,3,2,2,2,2,2,2,3,1,1,2,3
15,Kolasib,282,2,2,3,1,2,2,3,3,3,1,2,2,3,2,2,3,2,2,3,2,1,1,2,3
15,Aizawl,283,3,3,3,1,3,2,3,3,3,3,3,2,3,2,2,3,3,2,2,3,1,1,3,3
15,Champhai,284,2,2,3,1,2,2,3,2,1,1,2,2,3,2,2,3,2,3,2,2,1,1,2,3
15,Serchhip,285,2,2,3,1,2,2,3,3,1,1,2,1,3,2,2,3,2,2,2,3,1,1,2,3
15,Lunglei,286,2,2,1,1,2,2,3,2,1,1,2,2,3,2,2,2,2,3,2,2,1,1,2,3
15,Lawngtlai,287,2,2,1,1,2,2,2,1,1,1,2,2,3,2,2,2,2,3,2,2,1,1,1,2
15,Saiha,288,1,2,3,1,2,2,2,1,3,1,3,3,3,2,1,3,2,3,3,2,1,1,2,3
16,West Tripura ,289,3,3,2,1,2,2,3,2,1,1,2,2,1,2,2,3,2,3,2,2,3,1,2,3
16,South Tripura ,290,1,1,1,1,2,2,2,1,1,1,2,2,2,2,2,2,2,3,2,2,2,1,1,2
16,Dhalai,291,1,1,1,1,2,2,2,1,1,1,2,1,2,2,2,2,2,3,2,3,2,1,1,2
16,North Tripura ,292,1,1,1,1,2,2,2,1,1,1,2,1,1,2,2,2,2,3,2,3,3,1,1,2
17,West Garo Hills,293,1,2,1,1,2,2,2,1,1,1,2,1,3,2,1,2,2,3,2,3,1,1,1,2
17,East Garo Hills,294,2,2,1,1,2,2,2,1,1,1,2,1,3,2,2,2,2,3,2,3,1,1,1,2
17,South Garo Hills,295,1,2,1,1,2,2,2,1,1,1,2,1,3,2,1,2,2,3,2,3,1,1,1,2
17,West Khasi Hills,296,2,2,1,1,1,1,2,1,1,1,1,1,3,2,2,2,2,3,2,2,1,1,1,2
17,Ri Bhoi,297,2,2,1,1,2,2,2,1,1,1,1,1,3,2,2,2,2,3,2,2,1,1,1,2
17,East Khasi Hills,298,3,3,3,3,3,2,3,3,1,1,2,2,2,2,2,2,3,2,2,2,2,1,2,3
17,Jaintia Hills,299,2,2,1,1,1,1,2,2,1,1,2,2,3,2,2,2,2,2,2,2,1,1,1,2
18,Kokrajhar,300,1,1,2,1,1,1,1,1,1,1,1,1,2,2,2,3,2,2,2,2,2,1,1,2
18,Dhubri,301,1,1,2,2,1,2,1,1,1,1,1,1,1,2,2,2,1,2,2,2,3,1,1,2
18,Goalpara,302,1,1,2,1,2,2,1,1,1,1,1,1,1,2,2,3,2,2,2,2,3,1,1,2
18,Barpeta,303,1,1,2,2,2,2,1,1,2,2,1,1,1,2,2,2,2,2,2,2,3,1,1,2
18,Marigaon,304,1,1,2,2,2,2,1,1,1,1,1,1,1,2,2,2,2,2,2,2,3,1,1,2
18,Nagaon,305,1,1,2,2,2,2,1,1,1,1,1,1,1,2,2,2,2,2,2,2,3,1,1,2
18,Sonitpur,306,1,1,1,1,2,2,1,1,1,1,1,1,2,2,2,2,2,2,2,2,2,1,1,2
18,Lakhimpur,307,1,2,2,1,2,2,1,1,1,1,1,1,3,2,1,3,2,2,2,2,1,1,1,2
18,Dhemaji,308,2,2,2,2,1,1,1,1,1,1,1,1,3,2,2,2,2,2,2,2,1,1,1,2
18,Tinsukia,309,3,3,2,2,2,2,2,1,1,1,2,1,2,2,2,2,2,3,2,3,2,1,2,3
18,Dibrugarh,310,3,3,2,2,2,2,2,1,1,1,2,1,2,2,2,2,2,3,2,3,2,1,2,3
18,Sibsagar,311,3,3,2,2,2,2,2,1,1,1,1,1,2,2,2,2,2,3,2,2,2,1,2,3
18,Jorhat,312,3,3,2,1,2,2,2,2,1,1,1,1,2,2,2,3,2,2,2,2,2,1,2,3
18,Golaghat,313,1,1,2,2,2,2,1,1,1,1,1,1,2,2,2,2,2,2,2,2,2,1,1,2
18,Karbi Anglong,314,1,2,1,1,2,2,1,1,1,1,1,1,2,2,1,2,2,2,2,2,2,1,1,2
18,North Cachar Hills,315,1,1,1,1,2,2,2,1,1,1,1,1,2,2,2,2,2,3,2,2,2,1,1,2
18,Cachar,316,3,3,1,1,2,2,1,1,1,1,1,1,1,2,2,2,2,2,2,2,3,1,1,2
18,Karimganj,317,1,1,1,1,2,2,1,1,1,1,1,1,1,2,2,2,2,2,2,2,3,1,1,2
18,Hailakandi,318,1,1,1,1,2,2,1,1,1,1,1,1,1,2,2,2,2,2,2,2,3,1,1,2
18,Bongaigaon,319,1,1,2,1,1,2,1,1,1,1,1,1,1,2,2,3,1,2,2,2,3,1,1,2
18,Kamrup,321,3,3,2,2,3,2,2,2,3,3,2,1,1,2,2,2,3,2,2,3,3,1,2,3
18,Nalbari,323,1,1,2,2,2,2,2,1,1,1,1,1,1,2,2,2,2,3,2,2,3,1,1,2
18,Darrang,325,1,1,2,2,1,2,1,1,1,1,1,1,1,2,2,2,1,2,2,2,3,1,1,2
19,Darjiling ,327,3,3,1,1,3,2,3,2,1,1,2,1,1,2,2,2,3,3,2,3,3,1,2,3
19,Jalpaiguri ,328,3,3,1,1,1,1,2,1,1,1,1,1,2,2,2,2,2,3,2,2,2,1,1,2
19,Koch Bihar ,329,1,1,2,2,2,1,1,1,1,2,1,1,2,2,2,2,3,2,1,2,2,1,1,2
19,Uttar Dinajpur,330,1,2,2,2,1,1,1,1,2,2,1,2,2,2,1,2,2,2,2,1,2,1,1,2
19,Dakshin Dinajpur,331,1,2,2,2,1,1,2,1,2,2,1,1,2,2,1,2,2,3,2,2,2,1,1,2
19,Maldah ,332,1,1,2,2,1,1,1,1,2,2,1,1,2,2,2,2,2,2,2,2,2,1,1,2
19,Murshidabad ,333,1,1,2,2,1,1,1,1,2,2,1,1,1,2,2,2,2,2,2,2,3,1,1,2
19,Birbhum,334,1,1,2,2,1,1,2,1,2,2,1,1,1,2,2,2,2,3,2,2,3,1,1,2
19,Barddhaman ,335,1,1,2,2,2,1,2,2,2,2,2,2,1,2,2,2,3,2,2,2,3,1,2,3
19,Nadia ,336,1,1,2,2,2,2,2,1,2,2,1,1,1,2,2,2,2,3,2,2,3,1,1,2
19,North Twenty Four Parganas,337,3,3,2,2,2,2,2,2,3,2,2,2,1,2,2,2,2,2,3,2,3,1,2,3
19,Hugli ,338,3,3,2,2,2,2,3,2,2,2,2,2,1,2,2,2,2,3,2,2,3,1,2,3
19,Bankura ,339,1,2,2,2,1,1,2,1,2,1,1,2,2,2,1,2,2,3,3,1,2,1,1,2
19,Puruliya,340,1,1,2,1,1,1,1,1,1,1,1,2,3,2,2,3,2,2,2,1,1,1,1,2
19,Haora ,341,3,3,2,2,2,2,3,2,2,2,2,2,1,2,2,2,2,3,2,2,3,1,2,3
19,Kolkata,342,3,3,3,3,3,3,3,3,3,3,3,2,1,2,2,2,2,2,2,3,3,2,3,3
19,South  Twenty Four Parganas,343,3,3,2,2,2,1,2,1,2,2,1,1,1,2,2,2,3,3,2,2,3,1,1,2
19,Medinipur ,344,1,1,2,2,2,1,2,1,2,2,1,2,2,2,2,2,3,3,2,1,2,1,1,2
20,Garhwa,346,1,2,2,1,1,1,1,1,1,1,1,1,2,2,1,3,2,2,2,2,2,1,1,2
20,Chatra,347,1,1,1,1,1,1,1,1,1,1,1,1,2,2,2,2,2,2,2,2,2,1,1,2
20,Kodarma,348,1,1,1,1,1,1,2,1,1,1,2,1,2,2,2,2,2,3,2,3,2,1,2,3
20,Giridih,349,1,1,1,1,1,1,1,1,2,2,2,1,2,2,2,2,2,2,2,3,2,1,1,2
20,Deoghar,350,1,1,2,1,1,1,2,1,2,2,1,1,2,2,2,3,2,3,2,2,2,1,1,2
20,Godda,351,1,1,2,1,1,1,1,1,2,2,1,1,2,2,2,3,2,2,2,2,2,1,1,2
20,Sahibganj,352,2,2,2,2,1,1,1,1,2,1,1,1,3,2,2,2,2,2,3,2,1,1,1,2
20,Pakaur,353,2,2,2,2,1,1,1,1,2,2,1,1,3,2,2,2,2,2,2,2,1,1,1,2
20,Dhanbad,354,3,3,1,1,1,1,3,2,2,2,2,2,1,2,2,2,2,3,2,2,3,1,2,3
20,Bokaro,355,3,1,1,1,1,1,2,2,2,2,2,2,1,2,3,2,2,2,2,2,3,1,2,3
20,Lohardaga,356,2,2,1,1,1,1,1,1,1,1,1,1,3,2,2,2,2,2,2,2,1,1,1,2
20,Purbi Singhbhum,357,3,3,2,1,3,1,3,2,3,2,2,2,1,2,2,3,3,3,3,2,3,1,2,3
20,Palamu,358,1,1,2,1,1,1,1,1,1,1,1,1,2,2,2,3,2,2,2,2,2,1,1,2
20,Hazaribagh,360,1,1,1,1,1,1,2,1,2,2,2,2,2,2,2,2,2,3,2,2,2,1,2,3
20,Dumka,362,1,2,2,1,1,1,1,1,1,1,1,1,3,2,1,3,2,2,2,2,1,1,1,2
20,Ranchi,364,1,1,1,1,1,1,2,1,1,1,2,1,2,2,2,2,2,3,2,3,2,1,2,3
20,Gumla,366,2,2,1,1,1,1,1,1,1,1,1,1,3,2,2,2,2,2,2,2,1,1,1,2
20,Pashchimi Singhbhum,368,1,2,2,1,1,1,2,1,1,1,2,1,3,2,1,3,2,3,2,3,1,1,1,2
21,Bargarh,370,2,2,2,2,1,1,2,1,1,1,1,1,2,2,2,2,2,3,2,2,2,1,1,2
21,Jharsuguda,371,3,1,2,1,1,1,2,2,1,1,1,1,2,2,3,3,2,2,2,2,2,1,2,3
21,Sambalpur,372,2,1,2,2,1,1,2,1,1,1,1,1,3,2,3,2,2,3,2,2,1,1,1,2
21,Debagarh,373,2,2,2,2,1,1,1,1,1,1,1,1,3,2,2,2,2,2,2,2,1,1,1,2
21,Sundargarh,374,1,1,2,2,1,1,2,1,1,1,1,1,2,2,2,2,2,3,2,2,2,1,1,2
21,Kendujhar,375,1,1,2,1,1,1,1,1,1,1,1,1,2,2,2,3,2,2,2,2,2,1,1,2
21,Mayurbhanj,376,2,2,2,1,1,1,1,1,1,1,1,1,3,2,2,3,2,2,2,2,1,1,1,2
21,Baleshwar,377,1,1,2,2,1,1,2,1,2,2,1,1,1,2,2,2,2,3,2,2,3,1,1,2
21,Bhadrak,378,1,1,2,2,1,1,2,1,2,2,1,1,1,2,2,2,2,3,2,2,3,1,1,2
21,Kendrapara,379,1,1,2,2,1,1,2,1,2,2,1,1,1,2,2,2,2,3,2,2,3,1,1,2
21,Jagatsinghapur,380,1,1,2,2,1,1,2,1,2,1,1,1,1,2,2,2,2,3,3,2,3,1,2,3
21,Cuttack,381,1,1,2,1,1,1,2,2,2,1,1,1,1,2,2,3,2,2,3,2,3,1,2,3
21,Jajapur,382,1,1,2,1,1,1,2,1,2,2,1,1,1,2,2,3,2,3,2,2,3,1,1,2
21,Dhenkanal,383,1,1,1,1,1,1,2,1,1,1,1,1,1,2,2,2,2,3,2,2,3,1,1,2
21,Anugul,384,1,1,1,1,1,1,2,1,1,1,1,1,2,2,2,2,2,3,2,2,2,1,1,2
21,Nayagarh,385,1,1,2,1,1,1,2,1,1,1,1,1,1,2,2,3,2,3,2,2,3,1,1,2
21,Khordha,386,3,3,1,1,1,1,2,2,3,1,2,1,1,2,2,2,2,2,3,3,3,2,2,2
21,Puri,387,1,1,2,2,1,1,2,1,2,2,1,1,1,2,2,2,2,3,2,2,3,1,1,2
21,Ganjam,388,1,1,2,2,1,1,2,1,1,1,1,1,2,2,2,2,2,3,2,2,2,1,1,2
21,Gajapati,389,2,2,1,1,1,1,2,1,1,1,1,1,3,2,2,2,2,3,2,2,1,1,1,2
21,Kandhamal,390,2,2,1,1,1,1,1,1,1,1,1,1,3,2,2,2,2,2,2,2,1,1,1,2
21,Baudh,391,2,2,2,2,1,1,1,1,1,1,1,1,3,2,2,2,2,2,2,2,1,1,1,2
21,Sonapur,392,2,2,2,2,1,1,1,1,1,1,1,1,2,2,2,2,2,2,2,2,2,1,1,2
21,Balangir,393,1,1,2,2,1,1,1,1,1,1,1,1,2,2,2,2,2,2,2,2,2,1,1,2
21,Nuapada,394,2,2,2,2,1,1,1,1,1,1,1,1,3,2,2,2,2,2,2,2,1,1,1,2
21,Kalahandi,395,2,2,2,2,1,1,1,1,1,1,1,1,3,2,2,2,2,2,2,2,1,1,1,2
21,Rayagada,396,2,2,2,2,1,1,1,1,1,1,1,1,3,2,2,2,2,2,2,2,1,1,1,2
21,Nabarangapur,397,2,2,2,2,1,1,1,1,1,1,1,1,3,2,2,2,2,2,2,2,1,1,1,2
21,Koraput,398,2,2,2,2,1,1,1,1,1,1,1,1,3,2,2,2,2,2,2,2,1,1,1,2
21,Malkangiri,399,2,2,2,2,1,1,1,1,1,1,1,1,3,2,2,2,2,2,2,2,1,1,1,2
22,Koriya,400,2,2,2,1,1,1,2,2,1,1,2,2,3,2,2,3,2,2,2,2,1,1,1,2
22,Surguja,401,2,2,2,1,1,1,2,1,1,1,2,2,3,2,2,3,2,3,2,2,1,1,1,2
22,Jashpur,402,2,2,2,1,1,1,2,1,1,1,2,3,3,2,2,3,2,3,2,1,1,1,1,2
22,Raigarh,403,2,2,2,2,1,1,3,2,1,1,1,2,3,2,2,2,2,3,2,1,1,1,1,2
22,Korba,404,1,2,2,1,1,1,3,2,1,1,2,2,3,2,1,3,2,3,2,2,1,1,1,2
22,Janjgir - Champa,405,2,2,2,2,1,1,3,2,1,1,1,2,3,2,2,2,2,3,2,1,1,1,1,2
22,Bilaspur,406,2,2,2,2,1,1,3,2,1,1,1,2,3,2,2,2,2,3,2,1,1,1,1,2
22,Kawardha,407,2,2,2,2,1,1,3,2,1,1,1,1,3,2,2,2,2,3,2,2,1,1,1,2
22,Rajnandgaon,408,2,2,2,2,1,1,3,2,1,1,2,2,3,3,2,2,2,3,2,2,2,1,1,2
22,Durg,409,2,2,2,2,1,1,3,2,1,1,2,2,3,2,2,2,2,3,2,2,1,1,2,3
22,Raipur,410,1,2,2,2,1,1,3,2,1,1,2,2,3,2,1,2,2,3,2,2,1,1,2,3
22,Mahasamund,411,2,2,2,2,1,1,3,2,1,1,1,2,3,2,2,2,2,3,2,1,1,1,1,2
22,Dhamtari,412,2,2,2,2,1,1,3,2,1,1,2,2,3,2,2,2,2,3,2,2,1,1,1,2
22,Kanker,413,2,2,2,2,1,1,2,2,1,1,2,2,3,2,2,2,2,2,2,2,1,1,1,2
22,Bastar,414,2,2,2,2,1,1,2,1,1,1,2,2,3,2,2,2,2,3,2,2,1,1,1,2
22,Dantewada,416,2,2,2,2,1,1,1,1,1,1,2,2,3,3,2,2,2,2,2,2,2,1,1,2
23,Sheopur,418,2,2,2,2,1,1,2,2,1,1,1,1,2,2,2,2,2,2,2,2,2,1,1,2
23,Morena,419,1,1,2,1,1,1,1,2,2,2,2,2,2,3,2,3,2,1,2,2,3,1,1,2
23,Bhind,420,1,1,2,1,1,1,1,2,2,2,2,2,2,3,2,3,2,1,2,2,3,1,1,2
23,Gwalior,421,3,3,2,3,3,2,3,3,3,3,3,2,1,3,2,1,3,2,2,3,3,2,3,3
23,Datia,422,2,2,2,2,1,1,2,2,2,2,2,2,3,3,2,2,2,2,2,2,2,1,2,3
23,Shivpuri,423,2,2,2,1,1,1,2,2,1,1,2,2,3,2,2,3,2,2,2,2,1,1,1,2
23,Tikamgarh,424,2,2,2,1,1,1,2,2,1,1,2,2,3,3,2,3,2,2,2,2,2,1,1,2
23,Chhatarpur,425,2,2,2,1,1,1,2,2,1,1,2,2,2,3,2,3,2,2,2,2,3,1,1,2
23,Panna,426,2,2,2,1,1,1,1,1,1,1,2,2,3,3,2,3,2,2,2,2,2,1,1,2
23,Sagar,427,2,1,2,1,1,1,2,2,1,1,2,2,2,2,3,3,2,2,2,2,2,1,1,2
23,Damoh,428,2,2,2,1,1,1,2,2,1,1,2,2,3,2,2,3,2,2,2,2,1,1,1,2
23,Satna,429,1,1,2,1,1,1,2,2,1,1,3,3,2,3,2,3,2,2,2,2,3,1,1,2
23,Rewa,430,1,2,2,1,1,1,2,2,2,2,3,3,3,2,1,3,2,2,2,2,1,1,1,2
23,Umaria,431,1,2,2,1,1,1,2,2,1,1,2,2,3,2,1,3,2,2,2,2,1,1,1,2
23,Neemuch,432,2,2,1,3,1,1,3,3,1,1,2,2,3,3,2,1,2,2,2,2,2,2,2,2
23,Mandsaur,433,2,2,1,1,1,1,3,3,1,1,2,2,3,3,2,2,2,2,2,2,2,1,2,3
23,Ratlam,434,2,2,2,2,1,1,2,3,1,1,2,2,3,3,2,2,2,1,2,2,2,1,2,3
23,Ujjain,435,2,2,2,2,1,1,3,3,1,1,2,2,3,3,2,2,2,2,2,2,2,2,2,2
23,Shajapur,436,2,2,2,2,1,1,3,3,1,1,2,2,3,3,2,2,2,2,2,2,2,1,1,2
23,Dewas,437,2,2,2,2,1,1,3,3,1,1,2,2,3,2,2,2,2,2,2,2,1,1,2,3
23,Dhar,438,2,2,2,2,1,1,3,3,1,2,2,1,3,3,2,2,2,2,1,3,2,1,1,2
23,Indore,439,3,3,2,3,3,2,3,3,3,3,3,3,1,2,2,1,3,2,2,2,3,3,3,2
23,West Nimar,440,2,2,3,3,1,1,3,3,2,2,1,1,3,3,2,2,2,2,2,2,2,1,1,2
23,Barwani,441,2,2,2,2,1,1,3,2,1,2,1,1,3,2,2,2,2,3,1,2,1,1,1,2
23,Rajgarh,442,2,2,2,2,1,1,2,3,1,1,1,2,3,3,2,2,2,1,2,1,2,1,1,2
23,Vidisha,443,1,1,2,2,1,1,2,2,1,2,2,2,2,3,2,2,2,2,1,2,3,1,1,2
23,Bhopal,444,3,3,3,3,3,3,3,3,3,3,3,2,1,3,2,2,2,2,2,3,3,3,3,2
23,Sehore,445,2,2,2,2,1,1,3,3,1,1,2,2,3,3,2,2,2,2,2,2,2,1,2,3
23,Raisen,446,1,1,2,2,1,1,2,3,1,1,2,2,2,2,2,2,2,1,2,2,2,1,1,2
23,Betul,447,2,2,2,2,1,1,2,3,1,1,2,2,3,3,2,2,2,1,2,2,2,1,1,2
23,Harda,448,1,2,2,2,1,1,3,3,1,1,2,2,3,2,1,2,2,2,2,2,1,1,2,3
23,Hoshangabad,449,1,1,2,2,3,1,3,3,1,1,2,2,1,2,2,2,3,2,2,2,3,1,2,3
23,Katni,450,1,1,2,2,1,1,2,2,1,1,2,2,2,2,2,2,2,2,2,2,2,1,1,2
23,Jabalpur,451,3,3,2,3,3,1,3,3,1,1,2,2,2,3,2,1,3,2,2,2,3,2,2,2
23,Narsimhapur,452,2,2,2,2,1,1,2,3,1,1,2,2,2,3,2,2,2,1,2,2,3,1,1,2
23,Dindori,453,2,2,2,1,1,1,1,1,1,1,2,2,3,3,2,3,2,2,2,2,2,1,1,2
23,Mandla,454,2,2,2,1,1,1,2,2,1,1,2,2,3,3,2,3,2,2,2,2,2,1,1,2
23,Chhindwara,455,2,2,1,3,1,1,3,3,1,1,2,2,2,3,2,1,2,2,2,2,3,1,1,2
23,Seoni,456,2,2,2,2,1,1,2,2,1,1,2,2,3,3,2,2,2,2,2,2,2,1,1,2
23,Balaghat,457,2,2,2,1,1,1,2,2,1,1,2,2,3,3,2,3,2,2,2,2,2,1,1,2
23,Guna,458,2,2,2,2,1,1,2,2,1,1,2,2,2,3,2,2,2,2,2,2,3,1,1,2
23,Shahdol,460,2,2,2,1,1,1,2,2,1,1,2,2,3,3,2,3,2,2,2,2,2,1,1,2
23,Sidhi,462,2,2,2,1,1,1,1,1,1,1,2,3,3,3,2,3,2,2,2,1,2,1,1,2
23,Jhabua,464,2,2,2,2,1,1,2,2,1,1,1,1,3,3,2,2,2,2,2,2,2,1,1,2
23,East Nimar,466,2,2,3,3,1,1,3,3,1,1,2,2,3,3,2,2,2,2,2,2,2,1,1,2
24,Kachchh,468,3,3,3,3,3,1,3,3,1,1,3,2,2,3,2,2,3,2,2,3,3,2,2,2
24,Banas Kantha,469,2,2,3,3,1,1,2,2,1,1,2,2,3,3,2,2,2,2,2,2,2,1,2,3
24,Patan,470,2,2,3,3,1,1,3,2,1,1,3,2,3,3,2,2,2,3,2,3,2,1,2,3
24,Mahesana,471,1,1,3,3,3,1,3,3,3,1,3,2,3,3,2,2,3,2,3,3,2,1,2,3
24,Sabar Kantha,472,2,2,3,3,1,1,3,3,1,1,2,2,3,3,2,2,2,2,2,2,2,1,2,3
24,Gandhinagar,473,1,3,3,3,3,1,3,3,3,3,3,2,2,3,1,2,3,2,2,3,3,2,3,3
24,Ahmadabad,474,3,3,3,3,3,3,3,3,3,3,3,3,1,3,2,2,2,2,2,2,3,3,3,2
24,Surendranagar,475,1,2,3,3,1,1,3,3,1,2,3,2,2,3,1,2,2,2,1,3,3,1,2,3
24,Rajkot,476,3,3,3,3,3,3,3,3,3,3,3,3,1,3,2,2,2,2,2,2,3,2,3,3
24,Jamnagar,477,1,1,3,3,3,1,3,3,3,2,3,2,2,3,2,2,3,2,3,3,3,2,3,3
24,Porbandar,478,1,1,3,3,3,1,3,3,3,2,3,3,2,3,2,2,3,2,3,2,3,2,3,3
24,Junagadh,479,1,1,3,3,3,1,3,3,1,2,3,2,2,3,2,2,3,2,1,3,3,2,3,3
24,Amreli,480,2,2,3,3,3,1,3,3,2,2,3,2,2,3,2,2,3,2,2,3,3,1,2,3
24,Bhavnagar,481,1,3,3,3,3,1,3,3,3,2,3,2,2,3,1,2,3,2,3,3,3,1,2,3
24,Anand,482,1,1,3,3,3,1,3,3,1,1,3,2,2,3,2,2,3,2,2,3,3,1,2,3
24,Kheda,483,1,2,3,3,1,1,3,2,1,1,2,2,2,3,1,2,2,3,2,2,3,1,1,2
24,Panch Mahals,484,2,2,2,1,1,1,3,2,1,1,2,1,3,3,2,3,2,3,2,3,2,1,1,2
24,Dohad,485,2,2,2,2,1,1,3,1,1,1,1,1,3,3,2,2,2,3,2,2,2,1,1,2
24,Vadodara,486,1,1,3,3,3,3,3,3,3,3,3,2,2,3,2,2,2,2,2,3,3,2,3,3
24,Narmada,487,2,2,2,2,1,1,3,2,1,1,2,1,3,3,2,2,2,3,2,3,2,1,1,2
24,Bharuch,488,1,1,3,3,3,2,3,3,3,2,3,2,2,3,2,2,3,2,3,3,3,1,2,3
24,The Dangs,489,2,2,2,2,1,1,2,2,1,1,3,1,3,3,2,2,2,2,2,3,2,1,1,2
24,Navsari,490,2,2,3,3,3,1,3,3,1,1,3,2,2,3,2,2,3,2,2,3,3,1,2,3
24,Valsad,491,3,2,2,2,3,1,3,3,1,1,3,2,2,3,3,2,3,2,2,3,3,1,2,3
24,Surat,492,3,3,3,3,3,3,3,3,3,3,3,2,2,3,2,2,2,2,2,3,3,2,3,3
25,Diu,494,3,3,3,3,3,1,3,3,3,3,3,3,2,3,2,2,3,2,2,2,3,2,3,3
25,Daman,495,3,3,3,3,3,1,3,3,3,3,3,2,1,3,2,2,3,2,2,3,3,2,2,2
26,Dadra & Nagar Haveli,496,3,2,2,2,3,1,3,3,3,1,3,1,3,3,3,2,3,2,3,3,2,1,2,3
27,Nandurbar,497,2,2,3,3,1,1,2,2,1,1,2,2,3,3,2,2,2,2,2,2,2,1,1,2
27,Dhule,498,2,2,3,3,1,1,3,3,1,1,3,2,3,3,2,2,2,2,2,3,2,1,2,3
27,Jalgaon,499,2,2,3,3,1,1,3,3,3,1,3,1,2,3,2,2,2,2,3,3,3,1,2,3
27,Buldana,500,2,2,3,3,1,1,3,2,1,1,2,2,3,3,2,2,2,3,2,2,2,1,2,3
27,Akola,501,2,2,3,3,1,1,3,2,1,1,2,1,2,3,2,2,2,3,2,3,3,1,2,3
27,Washim,502,2,2,1,1,1,1,3,2,1,1,2,2,3,3,2,2,2,3,2,2,2,1,2,3
27,Amravati,503,2,2,3,3,3,1,3,2,1,1,2,2,2,2,2,2,3,3,2,2,2,1,2,3
27,Wardha,504,2,2,3,3,3,1,3,3,1,1,2,2,2,3,2,2,3,2,2,2,3,1,2,3
27,Nagpur,505,3,3,3,3,3,2,3,3,3,3,3,2,2,3,2,2,3,2,2,3,3,2,3,3
27,Bhandara,506,2,2,1,1,2,1,3,2,1,1,2,2,3,3,2,2,3,3,2,2,2,1,2,3
27,Gondiya,507,2,2,2,1,2,1,3,2,1,1,2,1,3,2,2,3,3,3,2,3,1,1,1,2
27,Gadchiroli,508,2,2,2,1,1,1,2,2,1,1,2,2,3,3,2,3,2,2,2,2,2,1,1,2
27,Chandrapur,509,2,2,2,1,1,1,3,2,1,1,2,1,3,3,2,3,2,3,2,3,2,1,2,3
27,Yavatmal,510,2,2,1,1,1,1,2,2,1,1,2,1,3,3,2,2,2,2,2,3,2,1,1,2
27,Nanded,511,2,2,3,3,1,1,3,2,1,1,2,1,3,3,2,2,2,3,2,3,2,1,2,3
27,Hingoli,512,2,2,2,2,1,1,2,2,1,1,2,1,3,3,2,2,2,2,2,3,2,1,2,3
27,Parbhani,513,2,2,2,2,1,1,3,2,1,1,2,2,3,3,2,2,2,3,2,2,2,1,2,3
27,Jalna,514,2,2,1,3,1,1,3,2,1,1,2,2,3,3,2,1,2,3,2,2,2,1,2,3
27,Aurangabad,515,2,2,3,3,1,1,3,3,1,2,3,2,2,3,2,2,2,2,1,3,3,2,2,2
27,Thane,516,2,3,3,3,1,1,3,2,3,3,3,3,1,3,1,2,2,3,2,2,3,2,2,2
27,Thane,517,3,3,3,3,3,3,3,3,3,3,3,2,1,3,2,2,2,2,2,3,3,2,3,3
27,Mumbai (Suburban),518,3,3,3,3,3,1,3,3,3,3,3,2,1,3,2,2,3,2,2,3,3,3,3,2
27,Mumbai,519,3,3,3,3,3,1,3,3,3,3,3,2,1,3,2,2,3,2,2,3,3,3,3,2
27,Raigarh,520,3,1,3,3,3,1,3,3,3,1,3,3,2,3,3,2,3,2,3,2,3,1,3,3
27,Pune,521,3,3,3,3,3,1,3,3,3,3,3,2,2,3,2,2,3,2,2,3,3,3,3,2
27,Ahmadnagar,522,2,2,1,3,1,1,3,2,1,1,3,1,3,3,2,1,2,3,2,3,2,1,2,3
27,Bid,523,2,2,3,3,1,1,3,2,1,1,2,2,3,3,2,2,2,3,2,2,2,1,2,3
27,Latur,524,2,2,3,3,1,1,3,3,1,1,2,2,2,3,2,2,2,2,2,2,3,1,2,3
27,Osmanabad,525,2,2,3,3,1,1,2,2,1,1,2,2,3,3,2,2,2,2,2,2,2,1,2,3
27,Solapur,526,2,2,3,3,1,1,2,2,1,1,3,2,3,3,2,2,2,2,2,3,2,1,2,3
27,Satara,527,2,2,3,3,2,1,3,3,3,1,3,2,3,3,2,2,3,2,3,3,2,1,2,3
27,Ratnagiri,528,2,2,3,1,3,1,3,3,1,1,3,2,3,3,2,3,3,2,2,3,2,1,2,3
27,Sindhudurg,529,1,1,1,1,3,1,3,3,1,1,3,2,3,3,2,2,3,2,2,3,2,1,2,3
27,Kolhapur,530,2,2,3,3,3,1,3,3,3,3,3,2,3,3,2,2,3,2,2,3,2,2,3,3
27,Sangli,531,2,2,3,3,3,1,3,3,3,1,3,2,3,3,2,2,3,2,3,3,2,1,2,3
28,Adilabad,532,2,2,2,1,1,1,3,2,1,1,3,3,3,3,2,3,2,3,2,2,2,1,2,3
28,Nizamabad,533,2,2,3,3,1,1,3,3,1,1,3,3,3,3,2,2,2,2,2,2,2,1,2,3
28,Karimnagar,534,2,2,3,1,1,1,3,3,1,1,3,2,3,3,2,3,2,2,2,3,2,1,2,3
28,Medak,535,2,2,3,3,1,1,3,2,1,1,3,3,3,3,2,2,2,3,2,2,2,1,2,3
28,Hyderabad,536,3,3,3,3,3,3,3,3,3,3,3,3,1,3,2,2,2,2,2,2,3,3,3,2
28,Rangareddi,537,3,3,3,3,3,2,3,3,3,3,3,2,2,3,2,2,3,2,2,3,3,2,3,3
28,Mahbubnagar,538,2,2,3,3,1,1,3,2,1,1,3,2,3,3,2,2,2,3,2,3,2,1,2,3
28,Nalgonda,539,2,2,3,3,1,1,3,2,1,1,3,2,3,3,2,2,2,3,2,3,2,1,2,3
28,Warangal,540,2,2,3,3,1,1,3,2,1,1,2,2,3,3,2,2,2,3,2,2,2,1,2,3
28,Khammam,541,2,2,3,2,3,1,3,2,1,1,3,2,3,3,2,3,3,3,2,3,2,1,2,3
28,Srikakulam,542,2,2,2,1,1,1,3,2,1,1,3,2,3,3,2,3,2,3,2,3,2,1,2,3
28,Vizianagaram,543,2,2,2,1,1,1,3,2,1,1,3,3,3,3,2,3,2,3,2,2,2,1,2,3
28,Visakhapatnam,544,1,1,3,1,3,1,3,2,3,1,3,2,2,3,2,3,3,3,3,3,3,1,2,3
28,East Godavari,545,1,1,3,1,3,1,3,2,1,1,3,2,1,3,2,3,3,3,2,3,3,1,2,3
28,West Godavari,546,2,2,3,3,3,1,3,2,1,1,3,2,2,3,2,2,3,3,2,3,3,1,2,3
28,Krishna,547,2,2,3,3,3,1,3,3,3,1,3,2,2,3,2,2,3,2,3,3,3,1,2,3
28,Guntur,548,2,2,3,2,3,1,3,2,3,1,3,2,3,3,2,3,3,3,3,3,2,1,2,3
28,Prakasam,549,2,2,3,2,1,1,3,2,1,1,3,3,3,3,2,3,2,3,2,2,2,1,2,3
28,Nellore,550,2,2,3,3,1,1,3,2,1,1,3,3,2,3,2,2,2,3,2,2,3,1,2,3
28,Cuddapah,551,2,2,3,3,1,1,3,3,1,1,3,2,2,3,2,2,2,2,2,3,3,1,2,3
28,Kurnool,552,2,2,3,3,1,1,3,2,1,1,3,3,3,3,2,2,2,3,2,2,2,1,2,3
28,Anantapur,553,2,2,3,3,1,1,3,3,1,1,3,3,3,3,2,2,2,2,2,2,2,1,2,3
28,Chittoor,554,2,2,3,3,1,1,3,2,1,1,3,2,3,3,2,2,2,3,2,3,2,1,2,3
29,Belgaum,555,2,2,3,3,1,1,3,3,1,1,3,1,2,3,2,2,2,2,2,3,3,1,2,3
29,Bagalkot,556,2,2,3,3,1,1,3,2,1,1,2,1,3,3,2,2,2,3,2,3,2,1,2,3
29,Bijapur,557,2,1,3,2,1,1,3,2,1,1,2,2,2,3,3,3,2,3,2,2,3,1,2,3
29,Bidar,558,1,1,3,3,1,1,3,3,1,1,2,2,2,3,2,2,2,2,2,2,3,1,2,3
29,Raichur,559,2,2,3,3,1,1,3,2,1,1,2,1,3,3,2,2,2,3,2,3,2,1,2,3
29,Koppal ,560,2,2,3,3,1,1,3,2,1,1,2,1,3,3,2,2,2,3,2,3,2,1,2,3
29,Gadag,561,2,2,3,3,1,1,3,3,1,1,2,2,3,3,2,2,2,2,2,2,2,1,2,3
29,Dharwad,562,1,1,3,3,3,1,3,3,1,1,3,1,2,3,2,2,3,2,2,3,3,2,3,3
29,Uttara Kannada,563,3,3,1,1,3,1,3,3,1,1,2,1,2,3,2,2,3,2,2,3,3,1,2,3
29,Haveri,564,2,2,3,3,1,1,3,3,1,1,2,2,2,3,2,2,2,2,2,2,3,1,2,3
29,Bellary,565,2,2,3,3,1,1,3,3,1,1,3,1,3,3,2,2,2,2,2,3,2,1,2,3
29,Chitradurga,566,2,2,3,3,1,1,3,3,1,1,2,1,3,3,2,2,2,2,2,3,2,1,2,3
29,Davanagere ,567,2,2,3,3,1,1,3,3,1,1,2,1,2,3,2,2,2,2,2,3,3,1,2,3
29,Shimoga,568,2,2,3,3,2,2,3,3,1,1,2,2,2,3,2,2,2,2,2,2,3,2,3,3
29,Udupi,569,3,3,1,1,3,2,3,2,1,1,3,1,3,3,2,2,3,3,2,3,2,2,3,3
29,Chikmagalur,570,2,1,3,3,2,2,3,3,1,1,2,1,2,3,3,2,2,2,2,3,3,1,2,3
29,Tumkur,571,2,2,3,3,1,1,3,3,1,1,2,2,3,3,2,2,2,2,2,2,2,1,2,3
29,Bangalore,572,3,3,3,3,3,3,3,3,3,3,3,1,1,3,2,2,2,2,2,3,3,3,3,2
29,Mandya,573,2,2,3,3,1,1,3,3,1,1,2,1,2,3,2,2,2,2,2,3,3,1,2,3
29,Hassan,574,2,2,3,3,1,1,3,3,1,1,2,2,3,3,2,2,2,2,2,2,2,1,2,3
29,Dakshina Kannada,575,3,3,1,1,3,3,3,2,1,1,3,1,3,3,2,2,2,3,2,3,2,2,3,3
29,Kodagu,576,3,3,1,1,3,2,3,2,1,1,2,1,3,3,2,2,3,3,2,3,2,1,2,3
29,Mysore,577,1,1,3,3,2,1,3,3,3,1,2,1,2,3,2,2,3,2,3,3,3,1,3,3
29,Chamarajanagar,578,2,2,3,3,1,1,3,2,1,1,2,3,2,3,2,2,2,3,2,1,3,1,2,3
29,Gulbarga,579,2,2,3,3,1,1,3,2,1,1,2,1,3,3,2,2,2,3,2,3,2,1,2,3
29,Kolar,581,2,2,3,3,1,1,3,3,1,1,2,3,3,3,2,2,2,2,2,1,2,1,2,3
29,Bangalore Rural,583,2,2,3,3,2,1,3,3,1,1,2,1,2,3,2,2,3,2,2,3,3,1,2,3
30,North Goa ,585,3,3,3,3,3,2,3,3,3,3,3,3,2,3,2,2,3,2,2,2,3,3,3,2
30,South Goa,586,3,3,3,3,3,2,3,3,3,3,3,2,1,3,2,2,3,2,2,3,3,3,3,2
31,Lakshadweep,587,3,3,1,1,3,3,3,3,1,1,3,2,1,3,2,2,2,2,2,3,3,2,3,3
32,Kasaragod,588,3,3,1,1,3,3,3,2,1,1,3,2,2,3,2,2,2,3,2,3,3,1,3,3
32,Kannur,589,3,3,1,1,3,3,3,2,1,1,3,3,1,3,2,2,2,3,2,2,3,1,3,3
32,Wayanad,590,1,1,1,1,3,3,3,2,1,1,2,2,2,3,2,2,2,3,2,2,3,1,2,3
32,Kozhikode,591,3,3,1,1,3,3,3,2,1,1,3,2,1,3,2,2,2,3,2,3,3,1,3,3
32,Malappuram,592,3,3,1,1,3,3,3,2,1,1,3,2,1,3,2,2,2,3,2,3,3,1,2,3
32,Palakkad,593,3,3,1,1,2,3,3,2,1,1,3,3,2,3,2,2,1,3,2,2,3,1,3,3
32,Thrissur,594,3,3,1,1,3,3,3,3,3,1,3,2,1,3,2,2,2,2,3,3,3,2,3,3
32,Ernakulam,595,3,3,1,1,3,3,3,3,3,1,3,2,1,3,2,2,2,2,3,3,3,2,3,3
32,Idukki,596,2,1,1,1,2,3,3,2,1,1,2,3,2,3,3,2,1,3,2,1,3,1,3,3
32,Kottayam,597,3,3,1,1,3,3,3,3,1,1,3,3,1,3,2,2,2,2,2,2,3,2,3,3
32,Alappuzha,598,3,3,1,1,3,3,3,3,3,1,3,2,1,3,2,2,2,2,3,3,3,2,3,3
32,Pathanamthitta,599,3,3,1,1,2,3,3,2,1,1,3,2,1,3,2,2,1,3,2,3,3,2,3,3
32,Kollam,600,3,3,1,1,2,3,3,3,1,1,3,3,1,3,2,2,1,2,2,2,3,1,3,3
32,Thiruvananthapuram,601,3,3,1,1,3,3,3,3,1,1,3,3,1,3,2,2,2,2,2,2,3,2,3,3
33,Thiruvallur,602,3,3,3,3,3,2,3,3,3,3,3,3,1,3,2,2,3,2,2,2,3,2,3,3
33,Chennai,603,3,3,3,3,3,3,3,3,3,3,3,3,1,3,2,2,2,2,2,2,3,3,3,2
33,Kancheepuram,604,3,3,3,3,3,1,3,3,3,1,3,3,2,3,2,2,3,2,3,2,3,2,3,3
33,Vellore,605,3,3,3,3,1,1,3,3,3,1,3,3,2,3,2,2,2,2,3,2,3,1,3,3
33,Tiruvannamalai,606,2,2,3,3,1,1,3,3,1,1,3,3,3,3,2,2,2,2,2,2,2,1,3,3
33,Viluppuram,607,2,2,3,3,1,1,3,3,1,1,3,3,3,3,2,2,2,2,2,2,2,1,3,3
33,Salem,608,3,2,3,3,1,1,3,3,3,1,3,3,2,3,3,2,2,2,3,2,3,1,3,3
33,Namakkal,609,2,2,3,3,1,1,3,3,3,1,3,3,3,3,2,2,2,2,3,2,2,1,3,3
33,Erode,610,2,2,3,3,1,1,3,3,3,1,3,3,3,3,2,2,2,2,3,2,2,1,3,3
33,The Nilgiris,611,3,3,3,3,1,1,3,3,3,1,3,3,3,3,2,2,2,2,3,2,2,1,3,3
33,Dindigul,612,2,2,3,3,1,1,3,2,1,1,3,3,3,3,2,2,2,3,2,2,2,1,3,3
33,Karur,613,2,2,3,3,1,1,3,3,3,1,3,3,3,3,2,2,2,2,3,2,2,1,3,3
33,Tiruchirappalli,614,3,1,3,3,1,1,3,3,3,1,3,3,2,3,3,2,2,2,3,2,3,2,3,3
33,Perambalur,615,2,2,3,3,1,1,3,3,1,1,3,3,3,3,2,2,2,2,2,2,2,1,3,3
33,Ariyalur,616,2,2,3,3,1,1,3,2,1,1,2,3,3,3,2,2,2,3,2,1,2,1,3,3
33,Cuddalore,617,1,1,3,3,1,1,3,3,1,1,3,3,2,3,2,2,2,2,2,2,3,1,3,3
33,Nagapattinam,618,1,1,3,2,1,1,3,2,1,1,2,3,2,3,2,3,2,3,2,1,3,1,3,3
33,Thiruvarur,619,1,2,3,2,1,1,3,2,1,1,2,3,2,3,1,3,2,3,2,1,3,1,3,3
33,Thanjavur,620,1,1,3,3,1,1,3,2,1,1,2,3,2,3,2,2,2,3,2,1,3,1,3,3
33,Pudukkottai,621,2,2,3,3,1,1,3,2,1,1,2,3,3,3,2,2,2,3,2,1,2,1,3,3
33,Sivaganga,622,2,2,3,3,1,1,3,2,1,1,3,3,2,3,2,2,2,3,2,2,3,1,3,3
33,Madurai,623,3,3,3,3,3,1,3,3,3,2,3,3,2,3,2,2,3,2,3,2,3,2,3,3
33,Theni,624,2,2,3,3,1,1,3,3,3,1,3,3,3,3,2,2,2,2,3,2,2,1,3,3
33,Virudhunagar,625,3,3,3,3,1,1,3,3,3,1,3,3,3,3,2,2,2,2,3,2,2,1,3,3
33,Ramanathapuram,626,2,2,3,1,1,1,3,2,1,1,3,3,2,3,2,3,2,3,2,2,3,1,3,3
33,Thoothukkudi,627,3,3,3,3,3,1,3,3,3,1,3,3,2,3,2,2,3,2,3,2,3,1,3,3
33,Tirunelveli ,628,3,3,3,3,1,1,3,3,3,1,3,3,3,3,2,2,2,2,3,2,2,1,3,3
33,Kanniyakumari,629,3,3,3,1,2,2,3,3,1,1,3,3,1,3,2,3,2,2,2,2,3,1,3,3
33,Dharmapuri,630,2,2,3,3,1,1,3,2,1,1,3,3,3,3,2,2,2,3,2,2,2,1,3,3
33,Coimbatore,632,3,3,3,3,3,1,3,3,3,3,3,3,2,3,2,2,3,2,2,2,3,2,3,3
34,Yanam,634,3,3,3,3,3,3,3,3,3,3,3,3,1,3,2,2,2,2,2,2,3,2,2,2
34,Pondicherry,635,3,3,3,3,3,3,3,3,3,3,3,3,1,3,2,2,2,2,2,2,3,2,3,3
34,Mahe,636,3,3,1,1,3,3,3,3,3,3,3,2,1,3,2,2,2,2,2,3,3,2,3,3
34,Karaikal,637,3,3,3,3,3,1,3,3,3,1,3,1,1,3,2,2,3,2,3,3,3,2,3,3
35,Nicobars,638,3,3,3,1,3,1,3,3,1,1,3,1,2,3,2,3,3,2,2,3,3,1,2,3
35,Andamans,639,3,3,3,3,3,2,3,3,3,2,3,2,1,3,2,2,3,2,3,3,3,2,3,3
